<?xml version="1.0" encoding="utf-8"?><?xml-stylesheet type="text/xml" href="/feed.xslt.xml"?><feed xmlns="http://www.w3.org/2005/Atom"><generator uri="http://jekyllrb.com" version="3.2.1">Jekyll</generator><link href="http://jabber.oppophp.com/feed.xml" rel="self" type="application/atom+xml" /><link href="http://jabber.oppophp.com/" rel="alternate" type="text/html" /><updated>2016-09-27T02:31:20+00:00</updated><id>http://jabber.oppophp.com/</id><title type="html">Jabber</title><subtitle>Jabber的个人博客</subtitle><author><name>Jabber</name></author><entry><title type="html">C语言Hello World实例详解</title><link href="http://jabber.oppophp.com/2016/09/24/c-language-hello-world/" rel="alternate" type="text/html" title="C语言Hello World实例详解" /><published>2016-09-24T00:00:00+00:00</published><updated>2016-09-24T00:00:00+00:00</updated><id>http://jabber.oppophp.com/2016/09/24/c-language-hello-world</id><content type="html" xml:base="http://jabber.oppophp.com/2016/09/24/c-language-hello-world/">&lt;p&gt;麻雀虽小，五脏俱全。通过C语言编程入门之Hello World实例了解程序的开发，运行流程。&lt;/p&gt;

&lt;h2 id=&quot;section&quot;&gt;实例代码&lt;/h2&gt;
&lt;div class=&quot;language-c highlighter-rouge&quot;&gt;&lt;pre class=&quot;highlight&quot;&gt;&lt;code&gt;&lt;span class=&quot;cp&quot;&gt;#include &amp;lt;stdio.h&amp;gt;
&lt;/span&gt;&lt;span class=&quot;kt&quot;&gt;void&lt;/span&gt; &lt;span class=&quot;n&quot;&gt;main&lt;/span&gt;&lt;span class=&quot;p&quot;&gt;(){&lt;/span&gt;
     &lt;span class=&quot;n&quot;&gt;printf&lt;/span&gt;&lt;span class=&quot;p&quot;&gt;(&lt;/span&gt;&lt;span class=&quot;s&quot;&gt;&quot;Hello World!&quot;&lt;/span&gt;&lt;span class=&quot;p&quot;&gt;);&lt;/span&gt;
&lt;span class=&quot;p&quot;&gt;}&lt;/span&gt;
&lt;/code&gt;&lt;/pre&gt;
&lt;/div&gt;

&lt;h2 id=&quot;section-1&quot;&gt;程序说明&lt;/h2&gt;
&lt;ul&gt;
  &lt;li&gt;#include 称为预处理语句，因为在编译器开始工作之前，先对这些命令进行预处理。&lt;/li&gt;
  &lt;li&gt;
    &lt;stdio.h&gt; 以.h为后缀的文件被称为头文件，可以是标准库文件，也可以是自定义文件。程序中如用到标准输入输出函数时，就要包含stdio.h头文件。
&lt;/stdio.h&gt;
  &lt;/li&gt;
  &lt;li&gt;main()函数是C程序的处理起点，可以返回一个整数值(int)，也可以不返回(void)。&lt;/li&gt;
  &lt;li&gt;{} 语句块符号 { 表示语句块的开始。} 表示语句块的结束。&lt;/li&gt;
&lt;/ul&gt;

&lt;blockquote&gt;
  &lt;p&gt;我们编写的是C的源程序，源程序经过编译成目标文件然后连接成可执行文件。&lt;/p&gt;
&lt;/blockquote&gt;

&lt;ul&gt;
  &lt;li&gt;/* */  多行注释&lt;/li&gt;
  &lt;li&gt;// 单行注释&lt;/li&gt;
&lt;/ul&gt;

&lt;h2 id=&quot;section-2&quot;&gt;返回整数的实例&lt;/h2&gt;
&lt;div class=&quot;language-c highlighter-rouge&quot;&gt;&lt;pre class=&quot;highlight&quot;&gt;&lt;code&gt;&lt;span class=&quot;cp&quot;&gt;#include &amp;lt;stdio.h&amp;gt;
&lt;/span&gt;&lt;span class=&quot;kt&quot;&gt;int&lt;/span&gt; &lt;span class=&quot;n&quot;&gt;main&lt;/span&gt;&lt;span class=&quot;p&quot;&gt;(){&lt;/span&gt; 
    &lt;span class=&quot;n&quot;&gt;printf&lt;/span&gt;&lt;span class=&quot;p&quot;&gt;(&lt;/span&gt;&lt;span class=&quot;s&quot;&gt;&quot;Hello World!&quot;&lt;/span&gt;&lt;span class=&quot;p&quot;&gt;);&lt;/span&gt;
    &lt;span class=&quot;k&quot;&gt;return&lt;/span&gt; &lt;span class=&quot;mi&quot;&gt;0&lt;/span&gt;&lt;span class=&quot;p&quot;&gt;;&lt;/span&gt;
&lt;span class=&quot;p&quot;&gt;}&lt;/span&gt;
&lt;/code&gt;&lt;/pre&gt;
&lt;/div&gt;

&lt;h2 id=&quot;section-3&quot;&gt;程序说明&lt;/h2&gt;
&lt;ul&gt;
  &lt;li&gt;return 关键词表示返回结果。&lt;/li&gt;
&lt;/ul&gt;

&lt;h2 id=&quot;stdioh&quot;&gt;关于stdio.h头文件的标准函数&lt;/h2&gt;
&lt;ul&gt;
  &lt;li&gt;int getchar()//从标准输入设备读入一个字符&lt;/li&gt;
  &lt;li&gt;int putchar()//向标准输出设备写出一个字符&lt;/li&gt;
  &lt;li&gt;int scanf(char*format[,argument…])//从标准输入设备读入格式化后的数据&lt;/li&gt;
  &lt;li&gt;int printf(char*format[,argument…])//向标准输出设备输出格式化字符串&lt;/li&gt;
  &lt;li&gt;char gets(char*string)//从标准输入设备读入一个字符串&lt;/li&gt;
  &lt;li&gt;int puts(char*string)//向标准输出设备输出一个字符串&lt;/li&gt;
  &lt;li&gt;int sprintf(char&lt;em&gt;string,char&lt;/em&gt;format[,…])//把格式化的数据写入某个字符串缓冲区&lt;/li&gt;
&lt;/ul&gt;</content><author><name>Jabber</name></author><summary type="html">麻雀虽小，五脏俱全。通过C语言编程入门之Hello World实例了解程序的开发，运行流程。</summary></entry><entry><title type="html">理解面向对象</title><link href="http://jabber.oppophp.com/2016/09/23/understanding-object-oriented/" rel="alternate" type="text/html" title="理解面向对象" /><published>2016-09-23T00:00:00+00:00</published><updated>2016-09-23T00:00:00+00:00</updated><id>http://jabber.oppophp.com/2016/09/23/understanding-object-oriented</id><content type="html" xml:base="http://jabber.oppophp.com/2016/09/23/understanding-object-oriented/">&lt;p&gt;面向对象并不只局限于对象的属性和行为建模，它还包含对象的其他方面。这些方面包括抽象（Abstraction）、继承（inheritance）、多态（polymorphism）和封装（encapsulation）。其他3种重要的面向对象的概念是消息传递（message sending）、关联（association）和聚集（aggregation）。&lt;/p&gt;

&lt;h2 id=&quot;section&quot;&gt;什么是类&lt;/h2&gt;
&lt;ul&gt;
  &lt;li&gt;类是用来创建对象的模板，是一种数据类型。类是具有相同属性和操作的一类对象集的统称。&lt;/li&gt;
  &lt;li&gt;类同样继承了其他类的属性和操作。&lt;/li&gt;
&lt;/ul&gt;

&lt;h2 id=&quot;section-1&quot;&gt;什么是对象&lt;/h2&gt;
&lt;ul&gt;
  &lt;li&gt;对象是一个类的实例。&lt;/li&gt;
  &lt;li&gt;对象具有自身的结构。它具有属性（特性）和行为（方法）。&lt;/li&gt;
  &lt;li&gt;对象的属性和操作数目由你所处理的问题域确定。&lt;/li&gt;
  &lt;li&gt;对象继承了所属类的属性和操作。&lt;/li&gt;
&lt;/ul&gt;

&lt;blockquote&gt;
  &lt;p&gt;面向对象并不只局限于对象的属性和行为建模，它还包含对象的其他方面。这些方面包括抽象（Abstraction）、继承（inheritance）、多态（polymorphism）和封装（encapsulation）。其他3种重要的面向对象的概念是消息传递（message sending）、关联（association）和聚集（aggregation）。&lt;/p&gt;
&lt;/blockquote&gt;

&lt;h2 id=&quot;abstraction&quot;&gt;抽象（abstraction）&lt;/h2&gt;
&lt;blockquote&gt;
  &lt;p&gt;简单地讲，抽象（abstraction）的意思就是过滤掉对象的一部分特性和操作直到只剩下你所需要的属性和操作。抽象对于建模者来说是最重要的技术，也就是说要搞清楚什么应该纳入模型中，什么应该舍去。&lt;/p&gt;
&lt;/blockquote&gt;

&lt;h2 id=&quot;inheritance&quot;&gt;继承（inheritance）&lt;/h2&gt;
&lt;blockquote&gt;
  &lt;p&gt;面向对象概念中，有一种关系叫做继承。子类继承了超类（父类）的特征（属性和方法）。同时，每个子类都可以增加自己的属性和操作（方法）。&lt;/p&gt;
&lt;/blockquote&gt;

&lt;h2 id=&quot;polymorphism&quot;&gt;多态（重载）（polymorphism）&lt;/h2&gt;
&lt;blockquote&gt;
  &lt;p&gt;在多态的情况下，不同的类中可以有同名的操作（方法），每个类中发生的操作各不相同。
有一种情况重载，一个类中有相同方法，参数不同（参数个数、次序、类型不同）。重载对返回值没有要求。&lt;/p&gt;
&lt;/blockquote&gt;

&lt;h2 id=&quot;encapsulation&quot;&gt;封装（encapsulation）&lt;/h2&gt;
&lt;blockquote&gt;
  &lt;p&gt;封装是当一个对象执行自己的操作时，它对外界隐藏了操作的细节。封装有助于减少某些不利因素的影响。在一个包含对象的系统中，对象之间以各种方式相互依赖。如果其中一个对象出现故障，软件工程师不得不修改它的时候，对其他对象隐藏这个对象的操作意味着只需修改这个对象而不需要改变其他对象。封装（encapsulation）意味着对象对其他对象和外部世界隐藏了自己要做什么，因此它也被称为信息隐藏（information hiding）。但是对象总要给外部世界提供一个“接口”，用来初始化这些操作。&lt;/p&gt;
&lt;/blockquote&gt;

&lt;h2 id=&quot;message-sending&quot;&gt;消息传递（message sending）&lt;/h2&gt;
&lt;blockquote&gt;
  &lt;p&gt;在系统中对象是要相互协作的。对象之间的协作是通过相互发送消息。一个对象发送一个操作消息（或请求）给另一个对象，收到消息的对象就执行这个操作。&lt;/p&gt;
&lt;/blockquote&gt;

&lt;h2 id=&quot;association&quot;&gt;关联（association）&lt;/h2&gt;
&lt;blockquote&gt;
  &lt;p&gt;通常情况下对象之间以某种方式发生联系，这种联系就是关联。一个类可以和多个其他的类关联。多重性（multiplicity）是对象之间关联的一个重要方面。它说明了在关联中一个类的对象可以对应另一个类的多少个对象。&lt;/p&gt;
&lt;/blockquote&gt;

&lt;h2 id=&quot;aggregation&quot;&gt;聚集（aggregation）&lt;/h2&gt;
&lt;blockquote&gt;
  &lt;p&gt;聚集是对象之间的另一种关联，聚集的一种形式是聚集对象和它的组成对象之间具有强关联。这种聚集被称为组成（composition）。组成关键特征是部分对象只参存在于组成对象之中。有时候部分体的寿命比组成短。因为聚集和组成反映了极其普遍的现象，因而是很重要的。它们能够帮助你建立更接近现实的模型。&lt;/p&gt;
&lt;/blockquote&gt;

&lt;h2 id=&quot;section-2&quot;&gt;面向对象的意义&lt;/h2&gt;
&lt;blockquote&gt;
  &lt;p&gt;对象和对象之间的关联构成了系统功能的骨架。为了对系统按规定建模，必须理解这些联系是什么。如果对关联类型很明确，那么当你和客户交谈、收集他们的需求，并帮助他们建立满足业务要求的系统模型时，你的脑海里就会充满有用的点子。
运用面向对象的概念来帮助你理解客户的领域知识，或者叫做客户的领域（domain），并且用客户能够理解的术语来说明你对问题的理解，这一点是最重要的，这也是UML流行的原因。&lt;/p&gt;
&lt;/blockquote&gt;</content><author><name>Jabber</name></author><summary type="html">面向对象并不只局限于对象的属性和行为建模，它还包含对象的其他方面。这些方面包括抽象（Abstraction）、继承（inheritance）、多态（polymorphism）和封装（encapsulation）。其他3种重要的面向对象的概念是消息传递（message sending）、关联（association）和聚集（aggregation）。</summary></entry><entry><title type="html">UML基础知识</title><link href="http://jabber.oppophp.com/2016/09/15/uml-basic-knowledge/" rel="alternate" type="text/html" title="UML基础知识" /><published>2016-09-15T00:00:00+00:00</published><updated>2016-09-15T00:00:00+00:00</updated><id>http://jabber.oppophp.com/2016/09/15/uml-basic-knowledge</id><content type="html" xml:base="http://jabber.oppophp.com/2016/09/15/uml-basic-knowledge/">&lt;p&gt;UML图是统一建模语言，为方便沟通，需求、分析、设计、开发等各方面的业务人员而特定的一种标准。一套完整的UML图可以让你从多种视角考察一个系统。&lt;/p&gt;

&lt;h2 id=&quot;umluml&quot;&gt;什么是UML图、为什么要使用多种UML图。&lt;/h2&gt;
&lt;ul&gt;
  &lt;li&gt;UML图是统一建模语言，为方便沟通，需求、分析、设计、开发等各方面的业务人员而特定的一种标准。一套完整的UML图可以让你从多种视角考察一个系统。&lt;/li&gt;
  &lt;li&gt;UML是类图、对象图、组件图、部署图、时序图（顺序图）、活动图、协作图、用例图的一个总称&lt;/li&gt;
  &lt;li&gt;UML图能让你从多个视角考察一个系统，要注意的重要一点是并不是每个UML模型都必须包含所有的图。&lt;/li&gt;
  &lt;li&gt;根据不同的业务人员，使用的UML种类不同，因此需要多种不同的UML图来跟各方面的业务人员沟通。&lt;/li&gt;
&lt;/ul&gt;

&lt;h2 id=&quot;uml&quot;&gt;UML静态图&lt;/h2&gt;
&lt;ul&gt;
  &lt;li&gt;类图&lt;/li&gt;
  &lt;li&gt;对象图&lt;/li&gt;
  &lt;li&gt;组件图&lt;/li&gt;
  &lt;li&gt;部署图&lt;/li&gt;
&lt;/ul&gt;

&lt;h2 id=&quot;uml-1&quot;&gt;UML动态图&lt;/h2&gt;
&lt;ul&gt;
  &lt;li&gt;时序图（顺序图）&lt;/li&gt;
  &lt;li&gt;活动图&lt;/li&gt;
  &lt;li&gt;状态图&lt;/li&gt;
  &lt;li&gt;协作图&lt;/li&gt;
  &lt;li&gt;用例图&lt;/li&gt;
&lt;/ul&gt;

&lt;h2 id=&quot;uml-20&quot;&gt;UML 2.0中的新图&lt;/h2&gt;
&lt;ul&gt;
  &lt;li&gt;组成结构图&lt;/li&gt;
  &lt;li&gt;交互纵览图&lt;/li&gt;
  &lt;li&gt;计时图&lt;/li&gt;
&lt;/ul&gt;

&lt;h2 id=&quot;uml-2&quot;&gt;UML其他特征&lt;/h2&gt;
&lt;ul&gt;
  &lt;li&gt;注释&lt;/li&gt;
  &lt;li&gt;关键字和构造型&lt;/li&gt;
&lt;/ul&gt;</content><author><name>Jabber</name></author><summary type="html">UML图是统一建模语言，为方便沟通，需求、分析、设计、开发等各方面的业务人员而特定的一种标准。一套完整的UML图可以让你从多种视角考察一个系统。</summary></entry></feed>
