{
  
  "2016-09-24-c-language-hello-world": {
    "title": "C语言Hello World实例详解",
    "url": " /2016/09/24/c-language-hello-world/",
    "category": "c"
  },
  
  "2016-09-23-understanding-object-oriented": {
    "title": "理解面向对象",
    "url": " /2016/09/23/understanding-object-oriented/",
    "category": "uml"
  },
  
  "2016-09-15-uml-basic-knowledge": {
    "title": "UML基础知识",
    "url": " /2016/09/15/uml-basic-knowledge/",
    "category": "uml"
  },
  

  
  
  "404-html": {
    "title": "页面没有找到",
    "url": "/404.html"
  },
  
  
  
  "about": {
    "title": "About",
    "url": "/about/"
  },
  
  
  
  "categories": {
    "title": "Categories",
    "url": "/categories/"
  },
  
  
  
  
  
  "links": {
    "title": "Links",
    "url": "/links/"
  },
  
  
  
  "open-source": {
    "title": "Open Source Projects",
    "url": "/open-source/"
  },
  
  
  
  
  
  "wiki": {
    "title": "Wiki",
    "url": "/wiki/"
  },
  
  
  
  
  
  

  
  "2016-09-15-uml-basic-knowledge": {
    "title": "UML基础知识",
    "url": "/2016/09/15/uml-basic-knowledge/",
    "category": "[&quot;uml&quot;]"
  },
  
  "2016-09-23-understanding-object-oriented": {
    "title": "理解面向对象",
    "url": "/2016/09/23/understanding-object-oriented/",
    "category": "[&quot;uml&quot;, &quot;oop&quot;]"
  },
  
  "2016-09-24-c-language-hello-world": {
    "title": "C语言Hello World实例详解",
    "url": "/2016/09/24/c-language-hello-world/",
    "category": "[&quot;c&quot;]"
  },
  
  "wiki-php-psr-0": {
    "title": "PHP PSR 0 自动加载规范",
    "url": "/wiki/PHP-PSR-0/",
    "category": "[&quot;php&quot;, &quot;psr&quot;]"
  },
  
  "wiki-php-psr-1": {
    "title": "PHP PSR 1 基本代码规范",
    "url": "/wiki/PHP-PSR-1/",
    "category": "[&quot;php&quot;, &quot;psr&quot;]"
  },
  
  "wiki-php-psr-2": {
    "title": "PHP PSR 2 代码风格规范",
    "url": "/wiki/PHP-PSR-2/",
    "category": "[&quot;php&quot;, &quot;psr&quot;]"
  },
  
  "wiki-php-psr-3": {
    "title": "PHP PSR 3 日志接口规范",
    "url": "/wiki/PHP-PSR-3/",
    "category": "[&quot;php&quot;, &quot;psr&quot;]"
  },
  
  "wiki-php-psr-4": {
    "title": "PHP PSR 4 自动加载规范",
    "url": "/wiki/PHP-PSR-4/",
    "category": "[&quot;php&quot;, &quot;psr&quot;]"
  },
  
  "wiki-php-psr-7": {
    "title": "PHP PSR 7 HTTP消息接口规范",
    "url": "/wiki/PHP-PSR-7/",
    "category": "[&quot;php&quot;, &quot;psr&quot;]"
  },
  
  "wiki-markdown-syntax-description": {
    "title": "Markdown语法说明",
    "url": "/wiki/markdown-syntax-description/",
    "category": "[&quot;markdown&quot;]"
  },
  
  "wiki-template": {
    "title": "Wiki Template",
    "url": "/wiki/template/",
    "category": "[&quot;cate1&quot;, &quot;cate2&quot;]"
  }
  
}
